EmployeeID,FullName,Department,Position,Email,Phone,Salary,JoiningDate,City
EMP0001,Arjun Singh,IT,Specialist,arjun.singh@company.com,9443888146,796604,2021-09-28,Mumbai
EMP0002,Amit Gupta,Sales,Senior Developer,amit.gupta@company.com,9382118404,1424497,2019-01-05,Kolkata
EMP0003,Priya Singh,Finance,Specialist,priya.singh@company.com,9558345052,834341,2015-07-01,Delhi
EMP0004,Rajesh Gupta,Operations,Analyst,rajesh.gupta@company.com,9389143536,696217,2018-01-18,Chennai
EMP0005,Amit Singh,Engineering,Senior Developer,amit.singh@company.com,9524763640,1275257,2022-01-12,Chennai
EMP0006,Priya Reddy,Operations,Specialist,priya.reddy@company.com,9960499634,1384691,2016-11-21,Delhi
EMP0007,Rajesh Reddy,Engineering,Manager,rajesh.reddy@company.com,9889333119,844524,2023-10-23,Delhi
EMP0008,Neha Gupta,Marketing,Manager,neha.gupta@company.com,9887845149,389744,2024-05-17,Hyderabad
EMP0009,Deepika Gupta,Engineering,Senior Developer,deepika.gupta@company.com,9384284231,1481304,2021-07-13,Bangalore
EMP0010,Ananya Kumar,Engineering,Senior Developer,ananya.kumar@company.com,9591465781,1476558,2019-04-15,Mumbai
EMP0011,Rohan Patel,Operations,Associate,rohan.patel@company.com,9909363550,332034,2018-11-28,Bangalore
EMP0012,Rohan Nair,Engineering,Executive,rohan.nair@company.com,9462251406,1348093,2019-03-15,Mumbai
EMP0013,Zara Gupta,Operations,Manager,zara.gupta@company.com,9411153382,1407161,2020-04-09,Delhi
EMP0014,Neha Kumar,Engineering,Coordinator,neha.kumar@company.com,9605195684,1448624,2015-05-30,Mumbai
EMP0015,Deepika Patel,Sales,Coordinator,deepika.patel@company.com,9612270724,329322,2017-09-23,Kolkata
EMP0016,Neha Reddy,IT,Executive,neha.reddy@company.com,9299917018,855044,2017-03-26,Kolkata
EMP0017,Ananya Reddy,Operations,Executive,ananya.reddy@company.com,9425974278,1191218,2018-10-13,Delhi
EMP0018,Vikram Patel,Sales,Specialist,vikram.patel@company.com,9139922469,1344331,2015-01-07,Mumbai
EMP0019,Rohan Iyer,Operations,Analyst,rohan.iyer@company.com,9168713009,1106961,2022-12-12,Delhi
EMP0020,Neha Reddy,Operations,Analyst,neha.reddy@company.com,9627222259,1010326,2019-09-09,Hyderabad
EMP0021,Arjun Patel,HR,Analyst,arjun.patel@company.com,9448144474,317671,2022-02-14,Chennai
EMP0022,Priya Gupta,IT,Specialist,priya.gupta@company.com,9897397172,1418850,2022-09-04,Pune
EMP0023,Neha Sharma,Engineering,Coordinator,neha.sharma@company.com,9535903562,1096243,2019-09-10,Hyderabad
EMP0024,Priya Gupta,Marketing,Manager,priya.gupta@company.com,9457628274,1403194,2023-03-10,Delhi
EMP0025,Vikram Kumar,HR,Manager,vikram.kumar@company.com,9595679578,592056,2019-08-24,Ahmedabad
EMP0026,Rohan Patel,HR,Coordinator,rohan.patel@company.com,9355384979,932413,2024-09-22,Bangalore
EMP0027,Neha Singh,IT,Executive,neha.singh@company.com,9521022825,1112726,2024-12-19,Pune
EMP0028,Zara Verma,Engineering,Specialist,zara.verma@company.com,9248989649,1373716,2016-07-31,Pune
EMP0029,Zara Iyer,Operations,Senior Developer,zara.iyer@company.com,9181406517,783725,2017-04-28,Chennai
EMP0030,Deepika Nair,Marketing,Executive,deepika.nair@company.com,9266152914,511054,2019-04-29,Chennai
EMP0031,Neha Iyer,Marketing,Manager,neha.iyer@company.com,9949415328,1310404,2017-10-15,Mumbai
EMP0032,Amit Gupta,Finance,Manager,amit.gupta@company.com,9657983222,1374805,2016-11-16,Chennai
EMP0033,Arjun Kumar,Engineering,Specialist,arjun.kumar@company.com,9157630739,1092354,2017-09-01,Bangalore
EMP0034,Rohan Reddy,Engineering,Coordinator,rohan.reddy@company.com,9719645421,1311306,2015-08-19,Hyderabad
EMP0035,Rohan Gupta,Marketing,Specialist,rohan.gupta@company.com,9802571359,762380,2022-05-25,Delhi
EMP0036,Deepika Nair,IT,Specialist,deepika.nair@company.com,9490455941,708329,2016-01-04,Hyderabad
EMP0037,Rohan Reddy,Sales,Analyst,rohan.reddy@company.com,9587297450,1427465,2024-04-30,Bangalore
EMP0038,Priya Desai,IT,Specialist,priya.desai@company.com,9945740144,487864,2024-02-02,Bangalore
EMP0039,Deepika Gupta,Engineering,Executive,deepika.gupta@company.com,9172453723,761114,2019-11-17,Mumbai
EMP0040,Rohan Singh,Marketing,Senior Developer,rohan.singh@company.com,9191438778,1123862,2020-11-02,Delhi
EMP0041,Vikram Gupta,HR,Executive,vikram.gupta@company.com,9299491092,1400663,2024-07-11,Kolkata
EMP0042,Priya Singh,IT,Specialist,priya.singh@company.com,9375451744,1007871,2023-05-18,Chennai
EMP0043,Rajesh Kumar,Engineering,Coordinator,rajesh.kumar@company.com,9321746050,1021297,2019-01-16,Hyderabad
EMP0044,Rohan Sharma,Sales,Executive,rohan.sharma@company.com,9359911852,1047084,2019-11-13,Mumbai
EMP0045,Arjun Verma,Operations,Coordinator,arjun.verma@company.com,9970626914,313938,2016-08-25,Bangalore
EMP0046,Rajesh Reddy,IT,Associate,rajesh.reddy@company.com,9353854024,460642,2015-03-05,Hyderabad
EMP0047,Ananya Singh,HR,Coordinator,ananya.singh@company.com,9644362111,1232898,2022-11-03,Kolkata
EMP0048,Amit Singh,Sales,Coordinator,amit.singh@company.com,9607444834,1069481,2022-05-27,Kolkata
EMP0049,Priya Desai,HR,Executive,priya.desai@company.com,9474281048,1249449,2018-01-05,Bangalore
EMP0050,Arjun Gupta,Finance,Coordinator,arjun.gupta@company.com,9462269551,911243,2020-10-07,Hyderabad
EMP0051,Priya Verma,Operations,Analyst,priya.verma@company.com,9292180067,746982,2015-06-24,Ahmedabad
EMP0052,Rajesh Verma,Finance,Manager,rajesh.verma@company.com,9978700922,825557,2018-07-05,Bangalore
EMP0053,Neha Iyer,IT,Specialist,neha.iyer@company.com,9482487128,694771,2020-04-26,Pune
EMP0054,Ananya Kumar,Marketing,Coordinator,ananya.kumar@company.com,9619044316,756384,2020-08-09,Pune
EMP0055,Priya Reddy,Operations,Associate,priya.reddy@company.com,9219741286,570860,2021-12-29,Ahmedabad
EMP0056,Vikram Iyer,Engineering,Coordinator,vikram.iyer@company.com,9253924669,1341672,2016-09-20,Pune
EMP0057,Priya Singh,Finance,Specialist,priya.singh@company.com,9453557574,619809,2015-10-29,Pune
EMP0058,Amit Kumar,Sales,Coordinator,amit.kumar@company.com,9735314974,1003259,2017-12-05,Mumbai
EMP0059,Neha Kumar,IT,Executive,neha.kumar@company.com,9543550179,1289558,2016-08-05,Kolkata
EMP0060,Vikram Desai,Engineering,Manager,vikram.desai@company.com,9606023231,1402140,2023-05-24,Kolkata
EMP0061,Vikram Reddy,Marketing,Manager,vikram.reddy@company.com,9551600729,602613,2020-07-05,Chennai
EMP0062,Zara Patel,Sales,Manager,zara.patel@company.com,9271698067,992939,2022-02-24,Bangalore
EMP0063,Arjun Reddy,Engineering,Coordinator,arjun.reddy@company.com,9901270643,1406939,2019-07-25,Ahmedabad
EMP0064,Arjun Singh,Marketing,Associate,arjun.singh@company.com,9763343063,557688,2016-12-14,Kolkata
EMP0065,Vikram Sharma,Marketing,Manager,vikram.sharma@company.com,9807994483,437610,2023-01-26,Bangalore
EMP0066,Amit Iyer,Operations,Senior Developer,amit.iyer@company.com,9531523230,562837,2017-11-14,Pune
EMP0067,Amit Patel,Finance,Coordinator,amit.patel@company.com,9104266453,825667,2024-06-03,Delhi
EMP0068,Priya Sharma,Finance,Associate,priya.sharma@company.com,9416503918,810894,2023-06-04,Pune
EMP0069,Priya Desai,Engineering,Specialist,priya.desai@company.com,9436028066,456243,2019-04-13,Hyderabad
EMP0070,Amit Iyer,Finance,Senior Developer,amit.iyer@company.com,9888779567,874635,2022-09-18,Pune
EMP0071,Deepika Desai,Marketing,Manager,deepika.desai@company.com,9369526855,1222631,2023-11-07,Delhi
EMP0072,Deepika Verma,Marketing,Associate,deepika.verma@company.com,9424590789,624599,2020-01-29,Mumbai
EMP0073,Priya Patel,IT,Associate,priya.patel@company.com,9127809922,1446456,2021-03-04,Pune
EMP0074,Amit Iyer,Engineering,Executive,amit.iyer@company.com,9152707745,1173028,2022-10-10,Ahmedabad
EMP0075,Priya Patel,HR,Executive,priya.patel@company.com,9789275052,935191,2016-12-08,Chennai
EMP0076,Neha Desai,Operations,Senior Developer,neha.desai@company.com,9532072980,1483313,2020-12-23,Hyderabad
EMP0077,Neha Sharma,HR,Manager,neha.sharma@company.com,9541522983,1378201,2015-11-23,Chennai
EMP0078,Arjun Singh,Operations,Executive,arjun.singh@company.com,9812856245,314553,2016-04-02,Delhi
EMP0079,Priya Kumar,Operations,Associate,priya.kumar@company.com,9497733225,1028731,2022-01-02,Delhi
EMP0080,Rohan Kumar,HR,Senior Developer,rohan.kumar@company.com,9595127830,1023683,2017-09-09,Kolkata
EMP0081,Arjun Desai,Operations,Manager,arjun.desai@company.com,9560458231,1065974,2023-02-15,Chennai
EMP0082,Priya Sharma,HR,Analyst,priya.sharma@company.com,9712798853,757355,2018-08-05,Chennai
EMP0083,Arjun Gupta,Engineering,Associate,arjun.gupta@company.com,9462970354,1428090,2018-09-30,Bangalore
EMP0084,Priya Iyer,IT,Specialist,priya.iyer@company.com,9206259052,1001712,2015-02-07,Chennai
EMP0085,Neha Nair,IT,Specialist,neha.nair@company.com,9408401406,687311,2016-03-28,Mumbai
EMP0086,Vikram Singh,IT,Specialist,vikram.singh@company.com,9704694772,1052529,2017-04-05,Chennai
EMP0087,Vikram Sharma,Marketing,Analyst,vikram.sharma@company.com,9689559759,1282328,2021-03-13,Chennai
EMP0088,Amit Verma,IT,Coordinator,amit.verma@company.com,9623812633,699958,2024-12-01,Bangalore
EMP0089,Deepika Gupta,IT,Manager,deepika.gupta@company.com,9392501039,996688,2019-05-16,Mumbai
EMP0090,Vikram Singh,Finance,Senior Developer,vikram.singh@company.com,9883156234,414323,2022-02-20,Pune
EMP0091,Neha Desai,Engineering,Analyst,neha.desai@company.com,9335904642,1364263,2018-11-07,Bangalore
EMP0092,Rajesh Iyer,IT,Manager,rajesh.iyer@company.com,9313787461,316710,2016-03-30,Bangalore
EMP0093,Neha Verma,Finance,Executive,neha.verma@company.com,9280958917,1390322,2024-06-09,Delhi
EMP0094,Neha Singh,Finance,Specialist,neha.singh@company.com,9385510460,377541,2018-12-12,Mumbai
EMP0095,Rohan Singh,Engineering,Coordinator,rohan.singh@company.com,9884680744,1013419,2018-10-04,Ahmedabad
EMP0096,Arjun Singh,Operations,Specialist,arjun.singh@company.com,9172683120,1318620,2015-08-12,Hyderabad
EMP0097,Amit Iyer,Operations,Analyst,amit.iyer@company.com,9517062896,1203268,2024-06-14,Delhi
EMP0098,Deepika Iyer,HR,Specialist,deepika.iyer@company.com,9798626818,564023,2023-11-14,Kolkata
EMP0099,Rohan Reddy,Engineering,Specialist,rohan.reddy@company.com,9155641276,966268,2020-03-25,Bangalore
EMP0100,Vikram Sharma,Operations,Specialist,vikram.sharma@company.com,9689698027,1149539,2024-05-15,Ahmedabad
